{"cameraMode":{"drawMode":0,"name":"Shaded","section":"Shading Mode"},"sceneLighting":false,"audioPlay":false,"sceneViewState":{"m_AlwaysRefresh":false,"showFog":true,"showSkybox":false,"showFlares":true,"showImageEffects":true,"showParticleSystems":true,"showVisualEffectGraphs":true,"m_FxEnabled":true},"in2DMode":false,"pivot":{"x":6.900000095367432,"y":0.6499999761581421,"z":6.570000171661377},"rotation":{"x":-0.003241472179070115,"y":0.9257294535636902,"z":-0.37826672196388247,"w":-0.0077333832159638409},"size":0.7794226408004761,"orthographic":false}